Player,Team,Opponent,Week,Receptions,Receiving_Yards,Yards_Per_Reception,Receiving_TDs,Longest_Reception,Fumbles,Fumbles_Lost
Tory Blaylock,Oklahoma,Illinois State,1,2,18,9.0,0,16,0,0
Keontez Lewis,Oklahoma,Illinois State,1,9,119,13.2,2,28,0,0
Jacob Jordan,Oklahoma,Illinois State,1,1,27,27.0,0,27,0,0
Xavier Robinson,Oklahoma,Illinois State,1,2,12,6.0,0,6,0,0
Carson Kent,Oklahoma,Illinois State,1,1,7,7.0,0,7,0,0
Isaiah Sategna Iii,Oklahoma,Illinois State,1,2,16,8.0,0,16,0,0
Jaren Kanak,Oklahoma,Illinois State,1,5,90,18.0,0,48,1,1
Will Huggins,Oklahoma,Illinois State,1,1,15,15.0,0,15,0,0
Deion Burks,Oklahoma,Illinois State,1,7,88,12.6,1,28,0,0
